marketBeat;assetId;buyQuote;sellQuote;reportedDate;pollTime;pollDate
3;AGRO.BA;42.2;42.2;2022-04-25 16:59:39;1650951478;2022-04-26 02:37:58
3;BHIP.BA;7.68;7.68;2022-04-25 16:57:44;1650951478;2022-04-26 02:37:58
3;BOLT.BA;4.48;4.48;2022-04-25 16:59:25;1650951478;2022-04-26 02:37:58
3;BPAT.BA;75;75;2022-04-22 16:47:34;1650951478;2022-04-26 02:37:58
3;CADO.BA;44.4;44.4;2022-04-25 16:38:56;1650951478;2022-04-26 02:37:58
3;CAPX.BA;272.5;272.5;2022-04-25 16:56:59;1650951478;2022-04-26 02:37:58
3;CARC.BA;1.85;1.85;2022-04-25 16:59:42;1650951478;2022-04-26 02:37:58
3;CECO2.BA;28.9;28.9;2022-04-25 16:59:44;1650951478;2022-04-26 02:37:58
3;CELU.BA;30;30;2022-04-25 16:54:24;1650951478;2022-04-26 02:37:58
3;CGPA2.BA;52;52;2022-04-25 16:55:26;1650951478;2022-04-26 02:37:58
3;CTIO.BA;278.5;278.5;2022-04-25 16:51:18;1650951478;2022-04-26 02:37:58
3;DGCU2.BA;53.8;53.8;2022-04-25 16:56:59;1650951478;2022-04-26 02:37:58
3;DOME.BA;14;14;2022-04-20 14:09:19;1650951478;2022-04-26 02:37:58
3;DYCA.BA;115.5;115.5;2022-04-22 16:18:18;1650951478;2022-04-26 02:37:58
3;FERR.BA;13.4;13.4;2022-04-25 16:59:27;1650951478;2022-04-26 02:37:58
3;FIPL.BA;17.4;17.4;2022-04-25 14:14:12;1650951478;2022-04-26 02:37:58
3;GAMI.BA;49.65;49.65;2022-04-25 16:49:13;1650951478;2022-04-26 02:37:58
3;GARO.BA;30.8;30.8;2022-04-25 17:00:14;1650951478;2022-04-26 02:37:58
3;GBAN.BA;109;109;2022-04-21 15:08:44;1650951478;2022-04-26 02:37:58
3;GCLA.BA;163.55;163.55;2022-04-25 16:48:37;1650951478;2022-04-26 02:37:58
3;GRIM.BA;86.8;86.8;2022-04-25 16:55:23;1650951478;2022-04-26 02:37:58
3;HARG.BA;154.5;154.5;2022-04-25 16:52:41;1650951478;2022-04-26 02:37:58
3;HAVA.BA;145;145;2022-04-25 14:47:32;1650951478;2022-04-26 02:37:58
3;INTR.BA;21.4;21.4;2022-04-25 16:20:06;1650951478;2022-04-26 02:37:58
3;INVJ.BA;27.15;27.15;2022-04-25 16:59:26;1650951478;2022-04-26 02:37:58
3;IRCP.BA;137.8;137.8;2022-04-25 16:59:00;1650951478;2022-04-26 02:37:58
3;IRSA.BA;104.85;104.85;2022-04-25 16:59:57;1650951478;2022-04-26 02:37:58
3;LEDE.BA;77.1;77.1;2022-04-25 16:40:44;1650951478;2022-04-26 02:37:58
3;LONG.BA;11;11;2022-04-25 16:44:35;1650951478;2022-04-26 02:37:58
3;METR.BA;37.55;37.55;2022-04-25 16:58:59;1650951478;2022-04-26 02:37:58
3;MOLA.BA;1358;1358;2022-04-25 16:13:28;1650951478;2022-04-26 02:37:58
3;MOLI.BA;120;120;2022-04-25 16:59:50;1650951478;2022-04-26 02:37:58
3;MORI.BA;13;13;2022-04-25 16:36:53;1650951478;2022-04-26 02:37:58
3;OEST.BA;43.95;43.95;2022-04-25 16:31:49;1650951478;2022-04-26 02:37:58
3;PATA.BA;41.95;41.95;2022-04-22 14:31:26;1650951478;2022-04-26 02:37:58
3;PGR.BA;12;12;2022-04-25 16:59:07;1650951478;2022-04-26 02:37:58
3;RICH.BA;237.25;237.25;2022-04-25 16:51:02;1650951478;2022-04-26 02:37:58
3;RIGO.BA;175;175;2022-04-25 13:42:18;1650951478;2022-04-26 02:37:58
3;SAMI.BA;112.5;112.5;2022-04-25 16:56:35;1650951478;2022-04-26 02:37:58
3;SEMI.BA;6.5;6.5;2022-04-25 16:53:36;1650951478;2022-04-26 02:37:58
3;TGLT.BA;3.48;3.48;2022-04-25 16:59:48;1650951478;2022-04-26 02:37:58
4;AGRO.BA;68;68;2022-09-21 16:32:11;1663855645;2022-09-22 11:07:25
4;AUSO.BA;238.75;238.75;2022-09-21 16:35:01;1663855645;2022-09-22 11:07:25
4;BHIP.BA;11.65;11.65;2022-09-21 16:59:49;1663855645;2022-09-22 11:07:25
4;BOLT.BA;5.53;5.53;2022-09-21 16:59:35;1663855645;2022-09-22 11:07:25
4;BPAT.BA;105;105;2022-09-21 16:22:33;1663855645;2022-09-22 11:07:25
4;CADO.BA;47.9;47.9;2022-09-21 15:30:18;1663855645;2022-09-22 11:07:25
4;CAPX.BA;700;700;2022-09-21 16:51:51;1663855645;2022-09-22 11:07:25
4;CARC.BA;2.45;2.45;2022-09-21 16:48:53;1663855645;2022-09-22 11:07:25
4;CECO2.BA;58.7;58.7;2022-09-21 16:58:24;1663855645;2022-09-22 11:07:25
4;CELU.BA;85.4;85.4;2022-09-21 16:59:13;1663855645;2022-09-22 11:07:25
4;CGPA2.BA;107;107;2022-09-21 16:52:58;1663855645;2022-09-22 11:07:25
4;CTIO.BA;280;280;2022-09-21 15:56:05;1663855645;2022-09-22 11:07:25
4;DGCU2.BA;88.1;88.1;2022-09-21 16:50:46;1663855645;2022-09-22 11:07:25
4;DOME.BA;16.5;16.5;2022-09-12 13:00:25;1663855645;2022-09-22 11:07:25
4;DYCA.BA;110;110;2022-09-21 15:46:18;1663855645;2022-09-22 11:07:25
4;FERR.BA;18.55;18.55;2022-09-21 16:49:35;1663855645;2022-09-22 11:07:25
4;FIPL.BA;24;24;2022-09-21 16:14:26;1663855645;2022-09-22 11:07:25
4;GAMI.BA;81.8;81.8;2022-09-21 16:34:24;1663855645;2022-09-22 11:07:25
4;GARO.BA;37;37;2022-09-21 16:41:37;1663855645;2022-09-22 11:07:25
4;GBAN.BA;136.5;136.5;2022-09-21 16:55:47;1663855645;2022-09-22 11:07:25
4;GCLA.BA;225;225;2022-09-21 16:52:52;1663855645;2022-09-22 11:07:25
4;GRIM.BA;153.25;153.25;2022-09-21 15:41:10;1663855645;2022-09-22 11:07:25
4;HARG.BA;215.5;215.5;2022-09-21 16:53:40;1663855645;2022-09-22 11:07:25
4;HAVA.BA;340;340;2022-09-21 15:36:20;1663855645;2022-09-22 11:07:25
4;INTR.BA;28;28;2022-09-21 15:37:17;1663855645;2022-09-22 11:07:25
4;INVJ.BA;28.35;28.35;2022-09-21 16:27:59;1663855645;2022-09-22 11:07:25
4;IRCP.BA;128.9;128.9;2022-05-24 16:53:48;1663855645;2022-09-22 11:07:25
4;IRSA.BA;122.05;122.05;2022-09-21 16:58:48;1663855645;2022-09-22 11:07:25
4;LEDE.BA;133.75;133.75;2022-09-21 16:59:19;1663855645;2022-09-22 11:07:25
4;LONG.BA;15.75;15.75;2022-09-21 16:38:58;1663855645;2022-09-22 11:07:25
4;METR.BA;69.5;69.5;2022-09-21 15:43:47;1663855645;2022-09-22 11:07:25
4;MOLA.BA;2885;2885;2022-09-21 16:56:58;1663855645;2022-09-22 11:07:25
4;MOLI.BA;182.75;182.75;2022-09-21 16:36:32;1663855645;2022-09-22 11:07:25
4;MORI.BA;17;17;2022-09-21 16:53:15;1663855645;2022-09-22 11:07:25
4;OEST.BA;70.1;70.1;2022-09-21 16:56:50;1663855645;2022-09-22 11:07:25
4;PATA.BA;72;72;2022-09-20 16:36:46;1663855645;2022-09-22 11:07:25
4;RICH.BA;304.5;304.5;2022-09-21 16:56:10;1663855645;2022-09-22 11:07:25
4;RIGO.BA;300;300;2022-09-21 13:36:46;1663855645;2022-09-22 11:07:25
4;SAMI.BA;126.25;126.25;2022-09-21 16:56:13;1663855645;2022-09-22 11:07:25
4;SEMI.BA;10.85;10.85;2022-09-21 16:36:05;1663855645;2022-09-22 11:07:25
4;TGLT.BA;5.32;5.32;2022-09-21 16:58:49;1663855645;2022-09-22 11:07:25
5;AGRO.BA;67.4;67.4;2022-09-23 16:50:53;1664058879;2022-09-24 19:34:39
5;AUSO.BA;231;231;2022-09-23 16:48:53;1664058879;2022-09-24 19:34:39
5;BHIP.BA;11.05;11.05;2022-09-23 16:59:26;1664058879;2022-09-24 19:34:39
5;BOLT.BA;5.34;5.34;2022-09-23 16:59:35;1664058879;2022-09-24 19:34:39
5;BPAT.BA;107;107;2022-09-23 16:55:42;1664058879;2022-09-24 19:34:39
5;CADO.BA;48.65;48.65;2022-09-23 16:44:03;1664058879;2022-09-24 19:34:39
5;CAPX.BA;679.5;679.5;2022-09-23 16:47:16;1664058879;2022-09-24 19:34:39
5;CARC.BA;2.41;2.41;2022-09-23 16:55:31;1664058879;2022-09-24 19:34:39
5;CECO2.BA;57.4;57.4;2022-09-23 16:59:36;1664058879;2022-09-24 19:34:39
5;CELU.BA;78.8;78.8;2022-09-23 16:57:41;1664058879;2022-09-24 19:34:39
5;CGPA2.BA;103.5;103.5;2022-09-23 16:21:17;1664058879;2022-09-24 19:34:39
5;CTIO.BA;298;298;2022-09-23 15:40:11;1664058879;2022-09-24 19:34:39
5;DGCU2.BA;85;85;2022-09-23 16:56:49;1664058879;2022-09-24 19:34:39
5;DOME.BA;16.5;16.5;2022-09-12 13:00:25;1664058879;2022-09-24 19:34:39
5;DYCA.BA;105;105;2022-09-22 16:35:23;1664058879;2022-09-24 19:34:39
5;FERR.BA;18.15;18.15;2022-09-23 15:46:43;1664058879;2022-09-24 19:34:39
5;FIPL.BA;24.8;24.8;2022-09-23 14:40:53;1664058879;2022-09-24 19:34:39
5;GAMI.BA;82.8;82.8;2022-09-23 16:54:02;1664058879;2022-09-24 19:34:39
5;GARO.BA;36;36;2022-09-22 14:51:04;1664058879;2022-09-24 19:34:39
5;GBAN.BA;135;135;2022-09-23 16:13:41;1664058879;2022-09-24 19:34:39
5;GCLA.BA;212;212;2022-09-23 16:58:53;1664058879;2022-09-24 19:34:39
5;GRIM.BA;159;159;2022-09-23 14:56:09;1664058879;2022-09-24 19:34:39
5;HARG.BA;209.75;209.75;2022-09-23 16:51:50;1664058879;2022-09-24 19:34:39
5;HAVA.BA;344;344;2022-09-23 16:44:31;1664058879;2022-09-24 19:34:39
5;INTR.BA;28;28;2022-09-22 15:01:02;1664058879;2022-09-24 19:34:39
5;INVJ.BA;27.25;27.25;2022-09-23 16:50:57;1664058879;2022-09-24 19:34:39
5;IRCP.BA;128.9;128.9;2022-05-24 16:53:48;1664058879;2022-09-24 19:34:39
5;IRSA.BA;116.5;116.5;2022-09-23 16:59:39;1664058879;2022-09-24 19:34:39
5;LEDE.BA;131;131;2022-09-23 16:56:51;1664058879;2022-09-24 19:34:39
5;LONG.BA;15.8;15.8;2022-09-23 16:42:39;1664058879;2022-09-24 19:34:39
5;METR.BA;67.6;67.6;2022-09-23 16:27:15;1664058879;2022-09-24 19:34:39
5;MOLA.BA;2785;2785;2022-09-23 16:56:52;1664058879;2022-09-24 19:34:39
5;MOLI.BA;175;175;2022-09-23 16:58:19;1664058879;2022-09-24 19:34:39
5;MORI.BA;16.7;16.7;2022-09-23 16:58:11;1664058879;2022-09-24 19:34:39
5;OEST.BA;67.2;67.2;2022-09-23 16:38:28;1664058879;2022-09-24 19:34:39
5;PATA.BA;72.5;72.5;2022-09-23 15:58:29;1664058879;2022-09-24 19:34:39
5;RICH.BA;302;302;2022-09-23 16:42:03;1664058879;2022-09-24 19:34:39
5;RIGO.BA;300;300;2022-09-23 15:51:50;1664058879;2022-09-24 19:34:39
5;SAMI.BA;122.75;122.75;2022-09-23 16:57:15;1664058879;2022-09-24 19:34:39
5;SEMI.BA;10.7;10.7;2022-09-23 14:54:32;1664058879;2022-09-24 19:34:39
5;TGLT.BA;5.21;5.21;2022-09-23 16:58:37;1664058879;2022-09-24 19:34:39
6;AUSO.BA;231;231;2022-09-23 16:48:53;1664059112;2022-09-24 19:38:32
6;BHIP.BA;11.05;11.05;2022-09-23 16:59:26;1664059112;2022-09-24 19:38:32
6;BOLT.BA;5.34;5.34;2022-09-23 16:59:35;1664059112;2022-09-24 19:38:32
6;BPAT.BA;107;107;2022-09-23 16:55:42;1664059112;2022-09-24 19:38:32
6;CADO.BA;48.65;48.65;2022-09-23 16:44:03;1664059112;2022-09-24 19:38:32
6;CAPX.BA;679.5;679.5;2022-09-23 16:47:16;1664059112;2022-09-24 19:38:32
6;CARC.BA;2.41;2.41;2022-09-23 16:55:31;1664059112;2022-09-24 19:38:32
6;CECO2.BA;57.4;57.4;2022-09-23 16:59:36;1664059112;2022-09-24 19:38:32
6;CELU.BA;78.8;78.8;2022-09-23 16:57:41;1664059112;2022-09-24 19:38:32
6;CGPA2.BA;103.5;103.5;2022-09-23 16:21:17;1664059112;2022-09-24 19:38:32
6;CTIO.BA;298;298;2022-09-23 15:40:11;1664059112;2022-09-24 19:38:32
6;DGCU2.BA;85;85;2022-09-23 16:56:49;1664059112;2022-09-24 19:38:32
6;DOME.BA;16.5;16.5;2022-09-12 13:00:25;1664059112;2022-09-24 19:38:32
6;DYCA.BA;105;105;2022-09-22 16:35:23;1664059112;2022-09-24 19:38:32
6;FERR.BA;18.15;18.15;2022-09-23 15:46:43;1664059112;2022-09-24 19:38:32
6;FIPL.BA;24.8;24.8;2022-09-23 14:40:53;1664059112;2022-09-24 19:38:32
6;GAMI.BA;82.8;82.8;2022-09-23 16:54:02;1664059112;2022-09-24 19:38:32
6;GARO.BA;36;36;2022-09-22 14:51:04;1664059112;2022-09-24 19:38:32
6;GBAN.BA;135;135;2022-09-23 16:13:41;1664059112;2022-09-24 19:38:32
6;GCLA.BA;212;212;2022-09-23 16:58:53;1664059112;2022-09-24 19:38:32
6;GRIM.BA;159;159;2022-09-23 14:56:09;1664059112;2022-09-24 19:38:32
6;HARG.BA;209.75;209.75;2022-09-23 16:51:50;1664059112;2022-09-24 19:38:32
6;HAVA.BA;344;344;2022-09-23 16:44:31;1664059112;2022-09-24 19:38:32
6;INTR.BA;28;28;2022-09-22 15:01:02;1664059112;2022-09-24 19:38:32
6;INVJ.BA;27.25;27.25;2022-09-23 16:50:57;1664059112;2022-09-24 19:38:32
6;IRCP.BA;128.9;128.9;2022-05-24 16:53:48;1664059112;2022-09-24 19:38:32
6;IRSA.BA;116.5;116.5;2022-09-23 16:59:39;1664059112;2022-09-24 19:38:32
6;LEDE.BA;131;131;2022-09-23 16:56:51;1664059112;2022-09-24 19:38:32
6;LONG.BA;15.8;15.8;2022-09-23 16:42:39;1664059112;2022-09-24 19:38:32
6;METR.BA;67.6;67.6;2022-09-23 16:27:15;1664059112;2022-09-24 19:38:32
6;MOLA.BA;2785;2785;2022-09-23 16:56:52;1664059112;2022-09-24 19:38:32
6;MOLI.BA;175;175;2022-09-23 16:58:19;1664059112;2022-09-24 19:38:32
6;MORI.BA;16.7;16.7;2022-09-23 16:58:11;1664059112;2022-09-24 19:38:32
6;OEST.BA;67.2;67.2;2022-09-23 16:38:28;1664059112;2022-09-24 19:38:32
6;PATA.BA;72.5;72.5;2022-09-23 15:58:29;1664059112;2022-09-24 19:38:32
6;RICH.BA;302;302;2022-09-23 16:42:03;1664059112;2022-09-24 19:38:32
6;RIGO.BA;300;300;2022-09-23 15:51:50;1664059112;2022-09-24 19:38:32
6;SAMI.BA;122.75;122.75;2022-09-23 16:57:15;1664059112;2022-09-24 19:38:32
6;SEMI.BA;10.7;10.7;2022-09-23 14:54:32;1664059112;2022-09-24 19:38:32
6;TGLT.BA;5.21;5.21;2022-09-23 16:58:37;1664059112;2022-09-24 19:38:32
7;AGRO.BA;67.4;67.4;2022-09-23 16:50:53;1664061696;2022-09-24 20:21:36
7;BHIP.BA;11.05;11.05;2022-09-23 16:59:26;1664061696;2022-09-24 20:21:36
7;BOLT.BA;5.34;5.34;2022-09-23 16:59:35;1664061696;2022-09-24 20:21:36
7;BPAT.BA;107;107;2022-09-23 16:55:42;1664061696;2022-09-24 20:21:36
7;CADO.BA;48.65;48.65;2022-09-23 16:44:03;1664061696;2022-09-24 20:21:36
7;CAPX.BA;679.5;679.5;2022-09-23 16:47:16;1664061696;2022-09-24 20:21:36
7;CARC.BA;2.41;2.41;2022-09-23 16:55:31;1664061696;2022-09-24 20:21:36
7;CECO2.BA;57.4;57.4;2022-09-23 16:59:36;1664061696;2022-09-24 20:21:36
7;CELU.BA;78.8;78.8;2022-09-23 16:57:41;1664061696;2022-09-24 20:21:36
7;CGPA2.BA;103.5;103.5;2022-09-23 16:21:17;1664061696;2022-09-24 20:21:36
7;CTIO.BA;298;298;2022-09-23 15:40:11;1664061696;2022-09-24 20:21:36
7;DGCU2.BA;85;85;2022-09-23 16:56:49;1664061696;2022-09-24 20:21:36
7;DOME.BA;16.5;16.5;2022-09-12 13:00:25;1664061696;2022-09-24 20:21:36
7;DYCA.BA;105;105;2022-09-22 16:35:23;1664061696;2022-09-24 20:21:36
7;FERR.BA;18.15;18.15;2022-09-23 15:46:43;1664061696;2022-09-24 20:21:36
7;FIPL.BA;24.8;24.8;2022-09-23 14:40:53;1664061696;2022-09-24 20:21:36
7;GAMI.BA;82.8;82.8;2022-09-23 16:54:02;1664061696;2022-09-24 20:21:36
7;GARO.BA;36;36;2022-09-22 14:51:04;1664061696;2022-09-24 20:21:36
7;GBAN.BA;135;135;2022-09-23 16:13:41;1664061696;2022-09-24 20:21:36
7;GCLA.BA;212;212;2022-09-23 16:58:53;1664061696;2022-09-24 20:21:36
7;GRIM.BA;159;159;2022-09-23 14:56:09;1664061696;2022-09-24 20:21:36
7;HARG.BA;209.75;209.75;2022-09-23 16:51:50;1664061696;2022-09-24 20:21:36
7;HAVA.BA;344;344;2022-09-23 16:44:31;1664061696;2022-09-24 20:21:36
7;INTR.BA;28;28;2022-09-22 15:01:02;1664061696;2022-09-24 20:21:36
7;INVJ.BA;27.25;27.25;2022-09-23 16:50:57;1664061696;2022-09-24 20:21:36
7;IRCP.BA;128.9;128.9;2022-05-24 16:53:48;1664061696;2022-09-24 20:21:36
7;IRSA.BA;116.5;116.5;2022-09-23 16:59:39;1664061696;2022-09-24 20:21:36
7;LEDE.BA;131;131;2022-09-23 16:56:51;1664061696;2022-09-24 20:21:36
7;LONG.BA;15.8;15.8;2022-09-23 16:42:39;1664061696;2022-09-24 20:21:36
7;METR.BA;67.6;67.6;2022-09-23 16:27:15;1664061696;2022-09-24 20:21:36
7;MOLA.BA;2785;2785;2022-09-23 16:56:52;1664061696;2022-09-24 20:21:36
7;MOLI.BA;175;175;2022-09-23 16:58:19;1664061696;2022-09-24 20:21:36
7;MORI.BA;16.7;16.7;2022-09-23 16:58:11;1664061696;2022-09-24 20:21:36
7;OEST.BA;67.2;67.2;2022-09-23 16:38:28;1664061696;2022-09-24 20:21:36
7;PATA.BA;72.5;72.5;2022-09-23 15:58:29;1664061696;2022-09-24 20:21:36
7;RICH.BA;302;302;2022-09-23 16:42:03;1664061696;2022-09-24 20:21:36
7;RIGO.BA;300;300;2022-09-23 15:51:50;1664061696;2022-09-24 20:21:36
7;SAMI.BA;122.75;122.75;2022-09-23 16:57:15;1664061696;2022-09-24 20:21:36
7;SEMI.BA;10.7;10.7;2022-09-23 14:54:32;1664061696;2022-09-24 20:21:36
7;TGLT.BA;5.21;5.21;2022-09-23 16:58:37;1664061696;2022-09-24 20:21:36
8;AUSO.BA;231;231;2022-09-23 16:48:53;1664061758;2022-09-24 20:22:38
8;BHIP.BA;11.05;11.05;2022-09-23 16:59:26;1664061758;2022-09-24 20:22:38
8;BOLT.BA;5.34;5.34;2022-09-23 16:59:35;1664061758;2022-09-24 20:22:38
8;BPAT.BA;107;107;2022-09-23 16:55:42;1664061758;2022-09-24 20:22:38
8;CADO.BA;48.65;48.65;2022-09-23 16:44:03;1664061758;2022-09-24 20:22:38
8;CAPX.BA;679.5;679.5;2022-09-23 16:47:16;1664061758;2022-09-24 20:22:38
8;CARC.BA;2.41;2.41;2022-09-23 16:55:31;1664061758;2022-09-24 20:22:38
8;CECO2.BA;57.4;57.4;2022-09-23 16:59:36;1664061758;2022-09-24 20:22:38
8;CELU.BA;78.8;78.8;2022-09-23 16:57:41;1664061758;2022-09-24 20:22:38
8;CGPA2.BA;103.5;103.5;2022-09-23 16:21:17;1664061758;2022-09-24 20:22:38
8;CTIO.BA;298;298;2022-09-23 15:40:11;1664061758;2022-09-24 20:22:38
8;DGCU2.BA;85;85;2022-09-23 16:56:49;1664061758;2022-09-24 20:22:38
8;DOME.BA;16.5;16.5;2022-09-12 13:00:25;1664061758;2022-09-24 20:22:38
8;DYCA.BA;105;105;2022-09-22 16:35:23;1664061758;2022-09-24 20:22:38
8;FERR.BA;18.15;18.15;2022-09-23 15:46:43;1664061758;2022-09-24 20:22:38
8;FIPL.BA;24.8;24.8;2022-09-23 14:40:53;1664061758;2022-09-24 20:22:38
8;GAMI.BA;82.8;82.8;2022-09-23 16:54:02;1664061758;2022-09-24 20:22:38
8;GARO.BA;36;36;2022-09-22 14:51:04;1664061758;2022-09-24 20:22:38
8;GBAN.BA;135;135;2022-09-23 16:13:41;1664061758;2022-09-24 20:22:38
8;GCLA.BA;212;212;2022-09-23 16:58:53;1664061758;2022-09-24 20:22:38
8;GRIM.BA;159;159;2022-09-23 14:56:09;1664061758;2022-09-24 20:22:38
8;HARG.BA;209.75;209.75;2022-09-23 16:51:50;1664061758;2022-09-24 20:22:38
8;HAVA.BA;344;344;2022-09-23 16:44:31;1664061758;2022-09-24 20:22:38
8;INTR.BA;28;28;2022-09-22 15:01:02;1664061758;2022-09-24 20:22:38
8;INVJ.BA;27.25;27.25;2022-09-23 16:50:57;1664061758;2022-09-24 20:22:38
8;IRCP.BA;128.9;128.9;2022-05-24 16:53:48;1664061758;2022-09-24 20:22:38
8;IRSA.BA;116.5;116.5;2022-09-23 16:59:39;1664061758;2022-09-24 20:22:38
8;LEDE.BA;131;131;2022-09-23 16:56:51;1664061758;2022-09-24 20:22:38
8;LONG.BA;15.8;15.8;2022-09-23 16:42:39;1664061758;2022-09-24 20:22:38
8;METR.BA;67.6;67.6;2022-09-23 16:27:15;1664061758;2022-09-24 20:22:38
8;MOLA.BA;2785;2785;2022-09-23 16:56:52;1664061758;2022-09-24 20:22:38
8;MOLI.BA;175;175;2022-09-23 16:58:19;1664061758;2022-09-24 20:22:38
8;MORI.BA;16.7;16.7;2022-09-23 16:58:11;1664061758;2022-09-24 20:22:38
8;OEST.BA;67.2;67.2;2022-09-23 16:38:28;1664061758;2022-09-24 20:22:38
8;PATA.BA;72.5;72.5;2022-09-23 15:58:29;1664061758;2022-09-24 20:22:38
8;RICH.BA;302;302;2022-09-23 16:42:03;1664061758;2022-09-24 20:22:38
8;RIGO.BA;300;300;2022-09-23 15:51:50;1664061758;2022-09-24 20:22:38
8;SAMI.BA;122.75;122.75;2022-09-23 16:57:15;1664061758;2022-09-24 20:22:38
8;SEMI.BA;10.7;10.7;2022-09-23 14:54:32;1664061758;2022-09-24 20:22:38
8;TGLT.BA;5.21;5.21;2022-09-23 16:58:37;1664061758;2022-09-24 20:22:38
9;AGRO.BA;68;68;2022-09-23 16:50:53;1664134818;2022-09-25 16:40:18
9;BHIP.BA;11;11;2022-09-23 16:59:26;1664134818;2022-09-25 16:40:18
9;BOLT.BA;5.43;5.43;2022-09-23 16:59:35;1664134818;2022-09-25 16:40:18
9;BPAT.BA;107;107;2022-09-23 16:55:42;1664134818;2022-09-25 16:40:18
9;CADO.BA;49.2;49.2;2022-09-23 16:44:03;1664134818;2022-09-25 16:40:18
9;CAPX.BA;680;680;2022-09-23 16:47:16;1664134818;2022-09-25 16:40:18
9;CARC.BA;2.43;2.43;2022-09-23 16:55:31;1664134818;2022-09-25 16:40:18
9;CECO2.BA;57.7;57.7;2022-09-23 16:59:36;1664134818;2022-09-25 16:40:18
9;CELU.BA;78.9;78.9;2022-09-23 16:57:41;1664134818;2022-09-25 16:40:18
9;CGPA2.BA;103.75;103.75;2022-09-23 16:21:17;1664134818;2022-09-25 16:40:18
9;CTIO.BA;298;298;2022-09-23 15:40:11;1664134818;2022-09-25 16:40:18
9;DGCU2.BA;85;85;2022-09-23 16:56:49;1664134818;2022-09-25 16:40:18
9;DOME.BA;16.5;16.5;2022-09-12 13:00:25;1664134818;2022-09-25 16:40:18
9;DYCA.BA;105;105;2022-09-22 16:35:23;1664134818;2022-09-25 16:40:18
9;FERR.BA;18.35;18.35;2022-09-23 15:46:43;1664134818;2022-09-25 16:40:18
9;FIPL.BA;24.8;24.8;2022-09-23 14:40:53;1664134818;2022-09-25 16:40:18
9;GAMI.BA;84.7;84.7;2022-09-23 16:54:02;1664134818;2022-09-25 16:40:18
9;GARO.BA;36;36;2022-09-22 14:51:04;1664134818;2022-09-25 16:40:18
9;GBAN.BA;135;135;2022-09-23 16:13:41;1664134818;2022-09-25 16:40:18
9;GCLA.BA;212;212;2022-09-23 16:58:53;1664134818;2022-09-25 16:40:18
9;GRIM.BA;160;160;2022-09-23 14:56:09;1664134818;2022-09-25 16:40:18
9;HARG.BA;210;210;2022-09-23 16:51:50;1664134818;2022-09-25 16:40:18
9;HAVA.BA;345;345;2022-09-23 16:44:31;1664134818;2022-09-25 16:40:18
9;INTR.BA;28;28;2022-09-22 15:01:02;1664134818;2022-09-25 16:40:18
9;INVJ.BA;27;27;2022-09-23 16:50:57;1664134818;2022-09-25 16:40:18
9;IRCP.BA;128.9;128.9;2022-05-24 16:53:48;1664134818;2022-09-25 16:40:18
9;IRSA.BA;116.5;116.5;2022-09-23 16:59:39;1664134818;2022-09-25 16:40:18
9;LEDE.BA;133.5;133.5;2022-09-23 16:56:51;1664134818;2022-09-25 16:40:18
9;LONG.BA;16;16;2022-09-23 16:42:39;1664134818;2022-09-25 16:40:18
9;METR.BA;66.5;66.5;2022-09-23 16:27:15;1664134818;2022-09-25 16:40:18
9;MOLA.BA;2800;2800;2022-09-23 16:56:52;1664134818;2022-09-25 16:40:18
9;MOLI.BA;175;175;2022-09-23 16:58:19;1664134818;2022-09-25 16:40:18
9;MORI.BA;16.9;16.9;2022-09-23 16:58:11;1664134818;2022-09-25 16:40:18
9;OEST.BA;67.5;67.5;2022-09-23 16:38:28;1664134818;2022-09-25 16:40:18
9;PATA.BA;72.5;72.5;2022-09-23 15:58:29;1664134818;2022-09-25 16:40:18
9;RICH.BA;304.5;304.5;2022-09-23 16:42:03;1664134818;2022-09-25 16:40:18
9;RIGO.BA;300;300;2022-09-23 15:51:50;1664134818;2022-09-25 16:40:18
9;SAMI.BA;122.5;122.5;2022-09-23 16:57:15;1664134818;2022-09-25 16:40:18
9;SEMI.BA;10.7;10.7;2022-09-23 14:54:32;1664134818;2022-09-25 16:40:18
9;TGLT.BA;5.26;5.26;2022-09-23 16:58:37;1664134818;2022-09-25 16:40:18
10;AUSO.BA;230;230;2022-09-23 16:48:53;1664147049;2022-09-25 20:04:09
10;BHIP.BA;11;11;2022-09-23 16:59:26;1664147049;2022-09-25 20:04:09
10;BOLT.BA;5.43;5.43;2022-09-23 16:59:35;1664147049;2022-09-25 20:04:09
10;BPAT.BA;107;107;2022-09-23 16:55:42;1664147049;2022-09-25 20:04:09
10;CADO.BA;49.2;49.2;2022-09-23 16:44:03;1664147049;2022-09-25 20:04:09
10;CAPX.BA;680;680;2022-09-23 16:47:16;1664147049;2022-09-25 20:04:09
10;CARC.BA;2.43;2.43;2022-09-23 16:55:31;1664147049;2022-09-25 20:04:09
10;CECO2.BA;57.7;57.7;2022-09-23 16:59:36;1664147049;2022-09-25 20:04:09
10;CELU.BA;78.9;78.9;2022-09-23 16:57:41;1664147049;2022-09-25 20:04:09
10;CGPA2.BA;103.75;103.75;2022-09-23 16:21:17;1664147049;2022-09-25 20:04:09
10;CTIO.BA;298;298;2022-09-23 15:40:11;1664147049;2022-09-25 20:04:09
10;DGCU2.BA;85;85;2022-09-23 16:56:49;1664147049;2022-09-25 20:04:09
10;DOME.BA;16.5;16.5;2022-09-12 13:00:25;1664147049;2022-09-25 20:04:09
10;DYCA.BA;105;105;2022-09-22 16:35:23;1664147049;2022-09-25 20:04:09
10;FERR.BA;18.35;18.35;2022-09-23 15:46:43;1664147049;2022-09-25 20:04:09
10;FIPL.BA;24.8;24.8;2022-09-23 14:40:53;1664147049;2022-09-25 20:04:09
10;GAMI.BA;84.7;84.7;2022-09-23 16:54:02;1664147049;2022-09-25 20:04:09
10;GARO.BA;36;36;2022-09-22 14:51:04;1664147049;2022-09-25 20:04:09
10;GBAN.BA;135;135;2022-09-23 16:13:41;1664147049;2022-09-25 20:04:09
10;GCLA.BA;212;212;2022-09-23 16:58:53;1664147049;2022-09-25 20:04:09
10;GRIM.BA;160;160;2022-09-23 14:56:09;1664147049;2022-09-25 20:04:09
10;HARG.BA;210;210;2022-09-23 16:51:50;1664147049;2022-09-25 20:04:09
10;HAVA.BA;345;345;2022-09-23 16:44:31;1664147049;2022-09-25 20:04:09
10;INTR.BA;28;28;2022-09-22 15:01:02;1664147049;2022-09-25 20:04:09
10;INVJ.BA;27;27;2022-09-23 16:50:57;1664147049;2022-09-25 20:04:09
10;IRCP.BA;128.9;128.9;2022-05-24 16:53:48;1664147049;2022-09-25 20:04:09
10;IRSA.BA;116.5;116.5;2022-09-23 16:59:39;1664147049;2022-09-25 20:04:09
10;LEDE.BA;133.5;133.5;2022-09-23 16:56:51;1664147049;2022-09-25 20:04:09
10;LONG.BA;16;16;2022-09-23 16:42:39;1664147049;2022-09-25 20:04:09
10;METR.BA;66.5;66.5;2022-09-23 16:27:15;1664147049;2022-09-25 20:04:09
10;MOLA.BA;2800;2800;2022-09-23 16:56:52;1664147049;2022-09-25 20:04:09
10;MOLI.BA;175;175;2022-09-23 16:58:19;1664147049;2022-09-25 20:04:09
10;MORI.BA;16.9;16.9;2022-09-23 16:58:11;1664147049;2022-09-25 20:04:09
10;OEST.BA;67.5;67.5;2022-09-23 16:38:28;1664147049;2022-09-25 20:04:09
10;PATA.BA;72.5;72.5;2022-09-23 15:58:29;1664147049;2022-09-25 20:04:09
10;RICH.BA;304.5;304.5;2022-09-23 16:42:03;1664147049;2022-09-25 20:04:09
10;RIGO.BA;300;300;2022-09-23 15:51:50;1664147049;2022-09-25 20:04:09
10;SAMI.BA;122.5;122.5;2022-09-23 16:57:15;1664147049;2022-09-25 20:04:09
10;SEMI.BA;10.7;10.7;2022-09-23 14:54:32;1664147049;2022-09-25 20:04:09
10;TGLT.BA;5.26;5.26;2022-09-23 16:58:37;1664147049;2022-09-25 20:04:09
11;AGRO.BA;68;68;2022-09-23 16:50:53;1664152057;2022-09-25 21:27:37
11;BHIP.BA;11;11;2022-09-23 16:59:26;1664152057;2022-09-25 21:27:37
11;BOLT.BA;5.43;5.43;2022-09-23 16:59:35;1664152057;2022-09-25 21:27:37
11;BPAT.BA;107;107;2022-09-23 16:55:42;1664152057;2022-09-25 21:27:37
11;CADO.BA;49.2;49.2;2022-09-23 16:44:03;1664152057;2022-09-25 21:27:37
11;CAPX.BA;680;680;2022-09-23 16:47:16;1664152057;2022-09-25 21:27:37
11;CARC.BA;2.43;2.43;2022-09-23 16:55:31;1664152057;2022-09-25 21:27:37
11;CECO2.BA;57.7;57.7;2022-09-23 16:59:36;1664152057;2022-09-25 21:27:37
11;CELU.BA;78.9;78.9;2022-09-23 16:57:41;1664152057;2022-09-25 21:27:37
11;CGPA2.BA;103.75;103.75;2022-09-23 16:21:17;1664152057;2022-09-25 21:27:37
11;CTIO.BA;298;298;2022-09-23 15:40:11;1664152057;2022-09-25 21:27:37
11;DGCU2.BA;85;85;2022-09-23 16:56:49;1664152057;2022-09-25 21:27:37
11;DOME.BA;16.5;16.5;2022-09-12 13:00:25;1664152057;2022-09-25 21:27:37
11;DYCA.BA;105;105;2022-09-22 16:35:23;1664152057;2022-09-25 21:27:37
11;FERR.BA;18.35;18.35;2022-09-23 15:46:43;1664152057;2022-09-25 21:27:37
11;FIPL.BA;24.8;24.8;2022-09-23 14:40:53;1664152057;2022-09-25 21:27:37
11;GAMI.BA;84.7;84.7;2022-09-23 16:54:02;1664152057;2022-09-25 21:27:37
11;GARO.BA;36;36;2022-09-22 14:51:04;1664152057;2022-09-25 21:27:37
11;GBAN.BA;135;135;2022-09-23 16:13:41;1664152057;2022-09-25 21:27:37
11;GCLA.BA;212;212;2022-09-23 16:58:53;1664152057;2022-09-25 21:27:37
11;GRIM.BA;160;160;2022-09-23 14:56:09;1664152057;2022-09-25 21:27:37
11;HARG.BA;210;210;2022-09-23 16:51:50;1664152057;2022-09-25 21:27:37
11;HAVA.BA;345;345;2022-09-23 16:44:31;1664152057;2022-09-25 21:27:37
11;INTR.BA;28;28;2022-09-22 15:01:02;1664152057;2022-09-25 21:27:37
11;INVJ.BA;27;27;2022-09-23 16:50:57;1664152057;2022-09-25 21:27:37
11;IRCP.BA;128.9;128.9;2022-05-24 16:53:48;1664152057;2022-09-25 21:27:37
11;IRSA.BA;116.5;116.5;2022-09-23 16:59:39;1664152057;2022-09-25 21:27:37
11;LEDE.BA;133.5;133.5;2022-09-23 16:56:51;1664152057;2022-09-25 21:27:37
11;LONG.BA;16;16;2022-09-23 16:42:39;1664152057;2022-09-25 21:27:37
11;METR.BA;66.5;66.5;2022-09-23 16:27:15;1664152057;2022-09-25 21:27:37
11;MOLA.BA;2800;2800;2022-09-23 16:56:52;1664152057;2022-09-25 21:27:37
11;MOLI.BA;175;175;2022-09-23 16:58:19;1664152057;2022-09-25 21:27:37
11;MORI.BA;16.9;16.9;2022-09-23 16:58:11;1664152057;2022-09-25 21:27:37
11;OEST.BA;67.5;67.5;2022-09-23 16:38:28;1664152057;2022-09-25 21:27:37
11;PATA.BA;72.5;72.5;2022-09-23 15:58:29;1664152057;2022-09-25 21:27:37
11;RICH.BA;304.5;304.5;2022-09-23 16:42:03;1664152057;2022-09-25 21:27:37
11;RIGO.BA;300;300;2022-09-23 15:51:50;1664152057;2022-09-25 21:27:37
11;SAMI.BA;122.5;122.5;2022-09-23 16:57:15;1664152057;2022-09-25 21:27:37
11;SEMI.BA;10.7;10.7;2022-09-23 14:54:32;1664152057;2022-09-25 21:27:37
11;TGLT.BA;5.26;5.26;2022-09-23 16:58:37;1664152057;2022-09-25 21:27:37
12;AUSO.BA;230;230;2022-09-23 16:48:53;1664155160;2022-09-25 22:19:20
12;BHIP.BA;11;11;2022-09-23 16:59:26;1664155160;2022-09-25 22:19:20
12;BOLT.BA;5.43;5.43;2022-09-23 16:59:35;1664155160;2022-09-25 22:19:20
12;BPAT.BA;107;107;2022-09-23 16:55:42;1664155160;2022-09-25 22:19:20
12;CADO.BA;49.2;49.2;2022-09-23 16:44:03;1664155160;2022-09-25 22:19:20
12;CAPX.BA;680;680;2022-09-23 16:47:16;1664155160;2022-09-25 22:19:20
12;CARC.BA;2.43;2.43;2022-09-23 16:55:31;1664155160;2022-09-25 22:19:20
12;CECO2.BA;57.7;57.7;2022-09-23 16:59:36;1664155160;2022-09-25 22:19:20
12;CELU.BA;78.9;78.9;2022-09-23 16:57:41;1664155160;2022-09-25 22:19:20
12;CGPA2.BA;103.75;103.75;2022-09-23 16:21:17;1664155160;2022-09-25 22:19:20
12;CTIO.BA;298;298;2022-09-23 15:40:11;1664155160;2022-09-25 22:19:20
12;DGCU2.BA;85;85;2022-09-23 16:56:49;1664155160;2022-09-25 22:19:20
12;DOME.BA;16.5;16.5;2022-09-12 13:00:25;1664155160;2022-09-25 22:19:20
12;DYCA.BA;105;105;2022-09-22 16:35:23;1664155160;2022-09-25 22:19:20
12;FERR.BA;18.35;18.35;2022-09-23 15:46:43;1664155160;2022-09-25 22:19:20
12;FIPL.BA;24.8;24.8;2022-09-23 14:40:53;1664155160;2022-09-25 22:19:20
12;GAMI.BA;84.7;84.7;2022-09-23 16:54:02;1664155160;2022-09-25 22:19:20
12;GARO.BA;36;36;2022-09-22 14:51:04;1664155160;2022-09-25 22:19:20
12;GBAN.BA;135;135;2022-09-23 16:13:41;1664155160;2022-09-25 22:19:20
12;GCLA.BA;212;212;2022-09-23 16:58:53;1664155160;2022-09-25 22:19:20
12;GRIM.BA;160;160;2022-09-23 14:56:09;1664155160;2022-09-25 22:19:20
12;HARG.BA;210;210;2022-09-23 16:51:50;1664155160;2022-09-25 22:19:20
12;HAVA.BA;345;345;2022-09-23 16:44:31;1664155160;2022-09-25 22:19:20
12;INTR.BA;28;28;2022-09-22 15:01:02;1664155160;2022-09-25 22:19:20
12;INVJ.BA;27;27;2022-09-23 16:50:57;1664155160;2022-09-25 22:19:20
12;IRCP.BA;128.9;128.9;2022-05-24 16:53:48;1664155160;2022-09-25 22:19:20
12;IRSA.BA;116.5;116.5;2022-09-23 16:59:39;1664155160;2022-09-25 22:19:20
12;LEDE.BA;133.5;133.5;2022-09-23 16:56:51;1664155160;2022-09-25 22:19:20
12;LONG.BA;16;16;2022-09-23 16:42:39;1664155160;2022-09-25 22:19:20
12;METR.BA;66.5;66.5;2022-09-23 16:27:15;1664155160;2022-09-25 22:19:20
12;MOLA.BA;2800;2800;2022-09-23 16:56:52;1664155160;2022-09-25 22:19:20
12;MOLI.BA;175;175;2022-09-23 16:58:19;1664155160;2022-09-25 22:19:20
12;MORI.BA;16.9;16.9;2022-09-23 16:58:11;1664155160;2022-09-25 22:19:20
12;OEST.BA;67.5;67.5;2022-09-23 16:38:28;1664155160;2022-09-25 22:19:20
12;PATA.BA;72.5;72.5;2022-09-23 15:58:29;1664155160;2022-09-25 22:19:20
12;RICH.BA;304.5;304.5;2022-09-23 16:42:03;1664155160;2022-09-25 22:19:20
12;RIGO.BA;300;300;2022-09-23 15:51:50;1664155160;2022-09-25 22:19:20
12;SAMI.BA;122.5;122.5;2022-09-23 16:57:15;1664155160;2022-09-25 22:19:20
12;SEMI.BA;10.7;10.7;2022-09-23 14:54:32;1664155160;2022-09-25 22:19:20
12;TGLT.BA;5.26;5.26;2022-09-23 16:58:37;1664155160;2022-09-25 22:19:20
13;AGRO.BA;68;68;2022-09-23 16:50:53;1664155177;2022-09-25 22:19:37
13;BHIP.BA;11;11;2022-09-23 16:59:26;1664155177;2022-09-25 22:19:37
13;BOLT.BA;5.43;5.43;2022-09-23 16:59:35;1664155177;2022-09-25 22:19:37
13;BPAT.BA;107;107;2022-09-23 16:55:42;1664155177;2022-09-25 22:19:37
13;CADO.BA;49.2;49.2;2022-09-23 16:44:03;1664155177;2022-09-25 22:19:37
13;CAPX.BA;680;680;2022-09-23 16:47:16;1664155177;2022-09-25 22:19:37
13;CARC.BA;2.43;2.43;2022-09-23 16:55:31;1664155177;2022-09-25 22:19:37
13;CECO2.BA;57.7;57.7;2022-09-23 16:59:36;1664155177;2022-09-25 22:19:37
13;CELU.BA;78.9;78.9;2022-09-23 16:57:41;1664155177;2022-09-25 22:19:37
13;CGPA2.BA;103.75;103.75;2022-09-23 16:21:17;1664155177;2022-09-25 22:19:37
13;CTIO.BA;298;298;2022-09-23 15:40:11;1664155177;2022-09-25 22:19:37
13;DGCU2.BA;85;85;2022-09-23 16:56:49;1664155177;2022-09-25 22:19:37
13;DOME.BA;16.5;16.5;2022-09-12 13:00:25;1664155177;2022-09-25 22:19:37
13;DYCA.BA;105;105;2022-09-22 16:35:23;1664155177;2022-09-25 22:19:37
13;FERR.BA;18.35;18.35;2022-09-23 15:46:43;1664155177;2022-09-25 22:19:37
13;FIPL.BA;24.8;24.8;2022-09-23 14:40:53;1664155177;2022-09-25 22:19:37
13;GAMI.BA;84.7;84.7;2022-09-23 16:54:02;1664155177;2022-09-25 22:19:37
13;GARO.BA;36;36;2022-09-22 14:51:04;1664155177;2022-09-25 22:19:37
13;GBAN.BA;135;135;2022-09-23 16:13:41;1664155177;2022-09-25 22:19:37
13;GCLA.BA;212;212;2022-09-23 16:58:53;1664155177;2022-09-25 22:19:37
13;GRIM.BA;160;160;2022-09-23 14:56:09;1664155177;2022-09-25 22:19:37
13;HARG.BA;210;210;2022-09-23 16:51:50;1664155177;2022-09-25 22:19:37
13;HAVA.BA;345;345;2022-09-23 16:44:31;1664155177;2022-09-25 22:19:37
13;INTR.BA;28;28;2022-09-22 15:01:02;1664155177;2022-09-25 22:19:37
13;INVJ.BA;27;27;2022-09-23 16:50:57;1664155177;2022-09-25 22:19:37
13;IRCP.BA;128.9;128.9;2022-05-24 16:53:48;1664155177;2022-09-25 22:19:37
13;IRSA.BA;116.5;116.5;2022-09-23 16:59:39;1664155177;2022-09-25 22:19:37
13;LEDE.BA;133.5;133.5;2022-09-23 16:56:51;1664155177;2022-09-25 22:19:37
13;LONG.BA;16;16;2022-09-23 16:42:39;1664155177;2022-09-25 22:19:37
13;METR.BA;66.5;66.5;2022-09-23 16:27:15;1664155177;2022-09-25 22:19:37
13;MOLA.BA;2800;2800;2022-09-23 16:56:52;1664155177;2022-09-25 22:19:37
13;MOLI.BA;175;175;2022-09-23 16:58:19;1664155177;2022-09-25 22:19:37
13;MORI.BA;16.9;16.9;2022-09-23 16:58:11;1664155177;2022-09-25 22:19:37
13;OEST.BA;67.5;67.5;2022-09-23 16:38:28;1664155177;2022-09-25 22:19:37
13;PATA.BA;72.5;72.5;2022-09-23 15:58:29;1664155177;2022-09-25 22:19:37
13;RICH.BA;304.5;304.5;2022-09-23 16:42:03;1664155177;2022-09-25 22:19:37
13;RIGO.BA;300;300;2022-09-23 15:51:50;1664155177;2022-09-25 22:19:37
13;SAMI.BA;122.5;122.5;2022-09-23 16:57:15;1664155177;2022-09-25 22:19:37
13;SEMI.BA;10.7;10.7;2022-09-23 14:54:32;1664155177;2022-09-25 22:19:37
13;TGLT.BA;5.26;5.26;2022-09-23 16:58:37;1664155177;2022-09-25 22:19:37
14;AGRO.BA;67.4;67.4;2022-09-26 12:09:03;1664206304;2022-09-26 12:31:44
14;AUSO.BA;236.5;236.5;2022-09-26 11:44:41;1664206304;2022-09-26 12:31:44
14;BHIP.BA;11.45;11.45;2022-09-26 11:57:53;1664206304;2022-09-26 12:31:44
14;BOLT.BA;5.45;5.45;2022-09-26 12:11:00;1664206304;2022-09-26 12:31:44
14;BPAT.BA;110;110;2022-09-26 11:03:29;1664206304;2022-09-26 12:31:44
14;CADO.BA;49.2;49.2;2022-09-23 16:44:03;1664206304;2022-09-26 12:31:44
14;CAPX.BA;690;690;2022-09-26 12:09:03;1664206304;2022-09-26 12:31:44
14;CARC.BA;2.46;2.46;2022-09-26 12:06:41;1664206304;2022-09-26 12:31:44
14;CECO2.BA;55.2;55.2;2022-09-26 12:00:50;1664206304;2022-09-26 12:31:44
14;CELU.BA;78.8;78.8;2022-09-26 12:03:39;1664206304;2022-09-26 12:31:44
14;CGPA2.BA;108.5;108.5;2022-09-26 12:05:27;1664206304;2022-09-26 12:31:44
14;CTIO.BA;298;298;2022-09-23 15:40:11;1664206304;2022-09-26 12:31:44
14;DGCU2.BA;84.2;84.2;2022-09-26 11:50:52;1664206304;2022-09-26 12:31:44
14;DOME.BA;16.5;16.5;2022-09-12 13:00:25;1664206304;2022-09-26 12:31:44
14;DYCA.BA;105;105;2022-09-22 16:35:23;1664206304;2022-09-26 12:31:44
14;FERR.BA;17.9;17.9;2022-09-26 11:41:34;1664206304;2022-09-26 12:31:44
14;FIPL.BA;24.8;24.8;2022-09-23 14:40:53;1664206304;2022-09-26 12:31:44
14;GAMI.BA;82.8;82.8;2022-09-26 12:00:44;1664206304;2022-09-26 12:31:44
14;GARO.BA;36;36;2022-09-22 14:51:04;1664206304;2022-09-26 12:31:44
14;GBAN.BA;135;135;2022-09-23 16:13:41;1664206304;2022-09-26 12:31:44
14;GCLA.BA;212;212;2022-09-23 16:58:53;1664206304;2022-09-26 12:31:44
14;GRIM.BA;160;160;2022-09-23 14:56:09;1664206304;2022-09-26 12:31:44
14;HARG.BA;211.75;211.75;2022-09-26 12:09:57;1664206304;2022-09-26 12:31:44
14;HAVA.BA;345;345;2022-09-26 11:48:29;1664206304;2022-09-26 12:31:44
14;INTR.BA;28;28;2022-09-22 15:01:02;1664206304;2022-09-26 12:31:44
14;INVJ.BA;27;27;2022-09-23 16:50:57;1664206304;2022-09-26 12:31:44
14;IRCP.BA;128.9;128.9;2022-05-24 16:53:48;1664206304;2022-09-26 12:31:44
14;IRSA.BA;120;120;2022-09-26 12:09:30;1664206304;2022-09-26 12:31:44
14;LEDE.BA;131;131;2022-09-26 11:58:27;1664206304;2022-09-26 12:31:44
14;LONG.BA;16;16;2022-09-23 16:42:39;1664206304;2022-09-26 12:31:44
14;METR.BA;67;67;2022-09-26 11:24:25;1664206304;2022-09-26 12:31:44
14;MOLA.BA;2930;2930;2022-09-26 12:10:49;1664206304;2022-09-26 12:31:44
14;MOLI.BA;179;179;2022-09-26 12:09:02;1664206304;2022-09-26 12:31:44
14;MORI.BA;17;17;2022-09-26 12:08:45;1664206304;2022-09-26 12:31:44
14;OEST.BA;66;66;2022-09-26 12:01:46;1664206304;2022-09-26 12:31:44
14;PATA.BA;72.5;72.5;2022-09-23 15:58:29;1664206304;2022-09-26 12:31:44
14;RICH.BA;281;281;2022-09-26 11:38:39;1664206304;2022-09-26 12:31:44
14;RIGO.BA;300;300;2022-09-23 15:51:50;1664206304;2022-09-26 12:31:44
14;SAMI.BA;124.25;124.25;2022-09-26 12:07:01;1664206304;2022-09-26 12:31:44
14;SEMI.BA;10.75;10.75;2022-09-26 12:07:49;1664206304;2022-09-26 12:31:44
14;TGLT.BA;5.17;5.17;2022-09-26 12:11:29;1664206304;2022-09-26 12:31:44
15;AGRO.BA;67.4;67.4;2022-09-26 12:28:25;1664207957;2022-09-26 12:59:17
15;AUSO.BA;235;235;2022-09-26 12:10:16;1664207957;2022-09-26 12:59:17
15;BHIP.BA;11.5;11.5;2022-09-26 12:34:00;1664207957;2022-09-26 12:59:17
15;BOLT.BA;5.45;5.45;2022-09-26 12:38:11;1664207957;2022-09-26 12:59:17
15;BPAT.BA;111.5;111.5;2022-09-26 12:19:06;1664207957;2022-09-26 12:59:17
15;CADO.BA;49.2;49.2;2022-09-23 16:44:03;1664207957;2022-09-26 12:59:17
15;CAPX.BA;675;675;2022-09-26 12:39:14;1664207957;2022-09-26 12:59:17
15;CARC.BA;2.48;2.48;2022-09-26 12:09:45;1664207957;2022-09-26 12:59:17
15;CECO2.BA;55.2;55.2;2022-09-26 12:00:50;1664207957;2022-09-26 12:59:17
15;CELU.BA;78.8;78.8;2022-09-26 12:03:39;1664207957;2022-09-26 12:59:17
15;CGPA2.BA;108.25;108.25;2022-09-26 12:34:57;1664207957;2022-09-26 12:59:17
15;CTIO.BA;298;298;2022-09-23 15:40:11;1664207957;2022-09-26 12:59:17
15;DGCU2.BA;84.2;84.2;2022-09-26 11:50:52;1664207957;2022-09-26 12:59:17
15;DOME.BA;16.5;16.5;2022-09-12 13:00:25;1664207957;2022-09-26 12:59:17
15;DYCA.BA;105;105;2022-09-22 16:35:23;1664207957;2022-09-26 12:59:17
15;FERR.BA;17.9;17.9;2022-09-26 11:41:34;1664207957;2022-09-26 12:59:17
15;FIPL.BA;24.8;24.8;2022-09-23 14:40:53;1664207957;2022-09-26 12:59:17
15;GAMI.BA;82.8;82.8;2022-09-26 12:00:44;1664207957;2022-09-26 12:59:17
15;GARO.BA;36;36;2022-09-22 14:51:04;1664207957;2022-09-26 12:59:17
15;GBAN.BA;134;134;2022-09-26 12:09:32;1664207957;2022-09-26 12:59:17
15;GCLA.BA;212;212;2022-09-26 12:27:01;1664207957;2022-09-26 12:59:17
15;GRIM.BA;160;160;2022-09-23 14:56:09;1664207957;2022-09-26 12:59:17
15;HARG.BA;212;212;2022-09-26 12:38:51;1664207957;2022-09-26 12:59:17
15;HAVA.BA;345;345;2022-09-26 11:48:29;1664207957;2022-09-26 12:59:17
15;INTR.BA;28;28;2022-09-22 15:01:02;1664207957;2022-09-26 12:59:17
15;INVJ.BA;27;27;2022-09-23 16:50:57;1664207957;2022-09-26 12:59:17
15;IRCP.BA;128.9;128.9;2022-05-24 16:53:48;1664207957;2022-09-26 12:59:17
15;IRSA.BA;118.95;118.95;2022-09-26 12:32:34;1664207957;2022-09-26 12:59:17
15;LEDE.BA;132;132;2022-09-26 12:37:44;1664207957;2022-09-26 12:59:17
15;LONG.BA;16;16;2022-09-23 16:42:39;1664207957;2022-09-26 12:59:17
15;METR.BA;67;67;2022-09-26 11:24:25;1664207957;2022-09-26 12:59:17
15;MOLA.BA;2930;2930;2022-09-26 12:23:44;1664207957;2022-09-26 12:59:17
15;MOLI.BA;179;179;2022-09-26 12:09:02;1664207957;2022-09-26 12:59:17
15;MORI.BA;17;17;2022-09-26 12:08:45;1664207957;2022-09-26 12:59:17
15;OEST.BA;66;66;2022-09-26 12:01:46;1664207957;2022-09-26 12:59:17
15;PATA.BA;70;70;2022-09-26 12:39:18;1664207957;2022-09-26 12:59:17
15;RICH.BA;281;281;2022-09-26 12:18:35;1664207957;2022-09-26 12:59:17
15;RIGO.BA;300;300;2022-09-23 15:51:50;1664207957;2022-09-26 12:59:17
15;SAMI.BA;121.5;121.5;2022-09-26 12:38:16;1664207957;2022-09-26 12:59:17
15;SEMI.BA;10.75;10.75;2022-09-26 12:12:32;1664207957;2022-09-26 12:59:17
15;TGLT.BA;5.1;5.1;2022-09-26 12:38:20;1664207957;2022-09-26 12:59:17
16;AGRO.BA;67.5;67.5;2022-09-26 13:53:32;1664212460;2022-09-26 14:14:20
16;AUSO.BA;235;235;2022-09-26 12:10:16;1664212460;2022-09-26 14:14:20
16;BHIP.BA;11.25;11.25;2022-09-26 13:27:35;1664212460;2022-09-26 14:14:20
16;BOLT.BA;5.37;5.37;2022-09-26 13:49:33;1664212460;2022-09-26 14:14:20
16;BPAT.BA;111.25;111.25;2022-09-26 12:57:34;1664212460;2022-09-26 14:14:20
16;CADO.BA;49.2;49.2;2022-09-23 16:44:03;1664212460;2022-09-26 14:14:20
16;CAPX.BA;670;670;2022-09-26 13:52:05;1664212460;2022-09-26 14:14:20
16;CARC.BA;2.42;2.42;2022-09-26 13:48:03;1664212460;2022-09-26 14:14:20
16;CECO2.BA;55.4;55.4;2022-09-26 13:40:37;1664212460;2022-09-26 14:14:20
16;CELU.BA;74.6;74.6;2022-09-26 13:16:56;1664212460;2022-09-26 14:14:20
16;CGPA2.BA;99;99;2022-09-26 13:52:48;1664212460;2022-09-26 14:14:20
16;CTIO.BA;290;290;2022-09-26 12:40:17;1664212460;2022-09-26 14:14:20
16;DGCU2.BA;83.7;83.7;2022-09-26 13:01:26;1664212460;2022-09-26 14:14:20
16;DOME.BA;16.5;16.5;2022-09-12 13:00:25;1664212460;2022-09-26 14:14:20
16;DYCA.BA;105;105;2022-09-22 16:35:23;1664212460;2022-09-26 14:14:20
16;FERR.BA;17.95;17.95;2022-09-26 13:53:41;1664212460;2022-09-26 14:14:20
16;FIPL.BA;24.8;24.8;2022-09-23 14:40:53;1664212460;2022-09-26 14:14:20
16;GAMI.BA;81.5;81.5;2022-09-26 13:06:12;1664212460;2022-09-26 14:14:20
16;GARO.BA;37.8;37.8;2022-09-26 13:48:50;1664212460;2022-09-26 14:14:20
16;GBAN.BA;134;134;2022-09-26 12:09:32;1664212460;2022-09-26 14:14:20
16;GCLA.BA;205.5;205.5;2022-09-26 13:32:58;1664212460;2022-09-26 14:14:20
16;GRIM.BA;160;160;2022-09-23 14:56:09;1664212460;2022-09-26 14:14:20
16;HARG.BA;209.5;209.5;2022-09-26 13:49:43;1664212460;2022-09-26 14:14:20
16;HAVA.BA;345;345;2022-09-26 13:50:07;1664212460;2022-09-26 14:14:20
16;INTR.BA;28;28;2022-09-22 15:01:02;1664212460;2022-09-26 14:14:20
16;INVJ.BA;27;27;2022-09-26 12:56:37;1664212460;2022-09-26 14:14:20
16;IRCP.BA;128.9;128.9;2022-05-24 16:53:48;1664212460;2022-09-26 14:14:20
16;IRSA.BA;112.5;112.5;2022-09-26 13:52:59;1664212460;2022-09-26 14:14:20
16;LEDE.BA;131.25;131.25;2022-09-26 13:32:37;1664212460;2022-09-26 14:14:20
16;LONG.BA;15.8;15.8;2022-09-26 13:37:34;1664212460;2022-09-26 14:14:20
16;METR.BA;63.5;63.5;2022-09-26 13:34:24;1664212460;2022-09-26 14:14:20
16;MOLA.BA;2825;2825;2022-09-26 13:52:37;1664212460;2022-09-26 14:14:20
16;MOLI.BA;175;175;2022-09-26 13:46:51;1664212460;2022-09-26 14:14:20
16;MORI.BA;16.25;16.25;2022-09-26 13:49:40;1664212460;2022-09-26 14:14:20
16;OEST.BA;64;64;2022-09-26 12:53:09;1664212460;2022-09-26 14:14:20
16;PATA.BA;70;70;2022-09-26 12:39:18;1664212460;2022-09-26 14:14:20
16;RICH.BA;281;281;2022-09-26 12:18:35;1664212460;2022-09-26 14:14:20
16;RIGO.BA;300;300;2022-09-23 15:51:50;1664212460;2022-09-26 14:14:20
16;SAMI.BA;120.75;120.75;2022-09-26 13:48:28;1664212460;2022-09-26 14:14:20
16;SEMI.BA;10.75;10.75;2022-09-26 13:21:28;1664212460;2022-09-26 14:14:20
16;TGLT.BA;5;5;2022-09-26 13:51:55;1664212460;2022-09-26 14:14:20
17;AUSO.BA;235;235;2022-09-26 12:10:16;1664212535;2022-09-26 14:15:35
17;BHIP.BA;11.25;11.25;2022-09-26 13:27:35;1664212535;2022-09-26 14:15:35
17;BOLT.BA;5.37;5.37;2022-09-26 13:49:33;1664212535;2022-09-26 14:15:35
17;BPAT.BA;111.25;111.25;2022-09-26 12:57:34;1664212535;2022-09-26 14:15:35
17;CADO.BA;49.2;49.2;2022-09-23 16:44:03;1664212535;2022-09-26 14:15:35
17;CAPX.BA;670;670;2022-09-26 13:52:05;1664212535;2022-09-26 14:15:35
17;CARC.BA;2.42;2.42;2022-09-26 13:48:03;1664212535;2022-09-26 14:15:35
17;CECO2.BA;55.4;55.4;2022-09-26 13:40:37;1664212535;2022-09-26 14:15:35
17;CELU.BA;74.6;74.6;2022-09-26 13:16:56;1664212535;2022-09-26 14:15:35
17;CGPA2.BA;99;99;2022-09-26 13:52:48;1664212535;2022-09-26 14:15:35
17;CTIO.BA;290;290;2022-09-26 12:40:17;1664212535;2022-09-26 14:15:35
17;DGCU2.BA;83.7;83.7;2022-09-26 13:01:26;1664212535;2022-09-26 14:15:35
17;DOME.BA;16.5;16.5;2022-09-12 13:00:25;1664212535;2022-09-26 14:15:35
17;DYCA.BA;105;105;2022-09-22 16:35:23;1664212535;2022-09-26 14:15:35
17;FERR.BA;17.95;17.95;2022-09-26 13:54:29;1664212535;2022-09-26 14:15:35
17;FIPL.BA;24.8;24.8;2022-09-23 14:40:53;1664212535;2022-09-26 14:15:35
17;GAMI.BA;81.5;81.5;2022-09-26 13:06:12;1664212535;2022-09-26 14:15:35
17;GARO.BA;37.8;37.8;2022-09-26 13:48:50;1664212535;2022-09-26 14:15:35
17;GBAN.BA;134;134;2022-09-26 12:09:32;1664212535;2022-09-26 14:15:35
17;GCLA.BA;205.5;205.5;2022-09-26 13:32:58;1664212535;2022-09-26 14:15:35
17;GRIM.BA;160;160;2022-09-23 14:56:09;1664212535;2022-09-26 14:15:35
17;HARG.BA;209.5;209.5;2022-09-26 13:49:43;1664212535;2022-09-26 14:15:35
17;HAVA.BA;345;345;2022-09-26 13:50:07;1664212535;2022-09-26 14:15:35
17;INTR.BA;28;28;2022-09-22 15:01:02;1664212535;2022-09-26 14:15:35
17;INVJ.BA;27;27;2022-09-26 12:56:37;1664212535;2022-09-26 14:15:35
17;IRCP.BA;128.9;128.9;2022-05-24 16:53:48;1664212535;2022-09-26 14:15:35
17;IRSA.BA;112.5;112.5;2022-09-26 13:52:59;1664212535;2022-09-26 14:15:35
17;LEDE.BA;131.25;131.25;2022-09-26 13:32:37;1664212535;2022-09-26 14:15:35
17;LONG.BA;15.8;15.8;2022-09-26 13:37:34;1664212535;2022-09-26 14:15:35
17;METR.BA;64.1;64.1;2022-09-26 13:55:03;1664212535;2022-09-26 14:15:35
17;MOLA.BA;2825;2825;2022-09-26 13:52:37;1664212535;2022-09-26 14:15:35
17;MOLI.BA;175;175;2022-09-26 13:46:51;1664212535;2022-09-26 14:15:35
17;MORI.BA;16.25;16.25;2022-09-26 13:55:15;1664212535;2022-09-26 14:15:35
17;OEST.BA;64;64;2022-09-26 12:53:09;1664212535;2022-09-26 14:15:35
17;PATA.BA;70;70;2022-09-26 12:39:18;1664212535;2022-09-26 14:15:35
17;RICH.BA;281;281;2022-09-26 12:18:35;1664212535;2022-09-26 14:15:35
17;RIGO.BA;300;300;2022-09-23 15:51:50;1664212535;2022-09-26 14:15:35
17;SAMI.BA;120.75;120.75;2022-09-26 13:48:28;1664212535;2022-09-26 14:15:35
17;SEMI.BA;10.75;10.75;2022-09-26 13:21:28;1664212535;2022-09-26 14:15:35
17;TGLT.BA;5;5;2022-09-26 13:51:55;1664212535;2022-09-26 14:15:35
18;AGRO.BA;67.5;67.5;2022-09-26 13:53:32;1664212552;2022-09-26 14:15:52
18;BHIP.BA;11.25;11.25;2022-09-26 13:27:35;1664212552;2022-09-26 14:15:52
18;BOLT.BA;5.37;5.37;2022-09-26 13:49:33;1664212552;2022-09-26 14:15:52
18;BPAT.BA;111.25;111.25;2022-09-26 12:57:34;1664212552;2022-09-26 14:15:52
18;CADO.BA;49.2;49.2;2022-09-23 16:44:03;1664212552;2022-09-26 14:15:52
18;CAPX.BA;670;670;2022-09-26 13:52:05;1664212552;2022-09-26 14:15:52
18;CARC.BA;2.42;2.42;2022-09-26 13:48:03;1664212552;2022-09-26 14:15:52
18;CECO2.BA;55.4;55.4;2022-09-26 13:40:37;1664212552;2022-09-26 14:15:52
18;CELU.BA;74.6;74.6;2022-09-26 13:16:56;1664212552;2022-09-26 14:15:52
18;CGPA2.BA;99;99;2022-09-26 13:52:48;1664212552;2022-09-26 14:15:52
18;CTIO.BA;290;290;2022-09-26 12:40:17;1664212552;2022-09-26 14:15:52
18;DGCU2.BA;83.7;83.7;2022-09-26 13:01:26;1664212552;2022-09-26 14:15:52
18;DOME.BA;16.5;16.5;2022-09-12 13:00:25;1664212552;2022-09-26 14:15:52
18;DYCA.BA;105;105;2022-09-22 16:35:23;1664212552;2022-09-26 14:15:52
18;FERR.BA;17.95;17.95;2022-09-26 13:54:29;1664212552;2022-09-26 14:15:52
18;FIPL.BA;24.8;24.8;2022-09-23 14:40:53;1664212552;2022-09-26 14:15:52
18;GAMI.BA;81.5;81.5;2022-09-26 13:06:12;1664212552;2022-09-26 14:15:52
18;GARO.BA;37.8;37.8;2022-09-26 13:48:50;1664212552;2022-09-26 14:15:52
18;GBAN.BA;134;134;2022-09-26 12:09:32;1664212552;2022-09-26 14:15:52
18;GCLA.BA;205.5;205.5;2022-09-26 13:32:58;1664212552;2022-09-26 14:15:52
18;GRIM.BA;160;160;2022-09-23 14:56:09;1664212552;2022-09-26 14:15:52
18;HARG.BA;209.5;209.5;2022-09-26 13:49:43;1664212552;2022-09-26 14:15:52
18;HAVA.BA;345;345;2022-09-26 13:50:07;1664212552;2022-09-26 14:15:52
18;INTR.BA;28;28;2022-09-22 15:01:02;1664212552;2022-09-26 14:15:52
18;INVJ.BA;27;27;2022-09-26 12:56:37;1664212552;2022-09-26 14:15:52
18;IRCP.BA;128.9;128.9;2022-05-24 16:53:48;1664212552;2022-09-26 14:15:52
18;IRSA.BA;112.5;112.5;2022-09-26 13:52:59;1664212552;2022-09-26 14:15:52
18;LEDE.BA;131.25;131.25;2022-09-26 13:32:37;1664212552;2022-09-26 14:15:52
18;LONG.BA;15.8;15.8;2022-09-26 13:37:34;1664212552;2022-09-26 14:15:52
18;METR.BA;64.1;64.1;2022-09-26 13:55:03;1664212552;2022-09-26 14:15:52
18;MOLA.BA;2825;2825;2022-09-26 13:52:37;1664212552;2022-09-26 14:15:52
18;MOLI.BA;175;175;2022-09-26 13:46:51;1664212552;2022-09-26 14:15:52
18;MORI.BA;16.25;16.25;2022-09-26 13:55:15;1664212552;2022-09-26 14:15:52
18;OEST.BA;64;64;2022-09-26 12:53:09;1664212552;2022-09-26 14:15:52
18;PATA.BA;70;70;2022-09-26 12:39:18;1664212552;2022-09-26 14:15:52
18;RICH.BA;281;281;2022-09-26 12:18:35;1664212552;2022-09-26 14:15:52
18;RIGO.BA;300;300;2022-09-23 15:51:50;1664212552;2022-09-26 14:15:52
18;SAMI.BA;120.75;120.75;2022-09-26 13:48:28;1664212552;2022-09-26 14:15:52
18;SEMI.BA;10.75;10.75;2022-09-26 13:21:28;1664212552;2022-09-26 14:15:52
18;TGLT.BA;5;5;2022-09-26 13:55:37;1664212552;2022-09-26 14:15:52
19;AGRO.BA;67.5;67.5;2022-09-26 14:04:15;1664213115;2022-09-26 14:25:15
19;AUSO.BA;227;227;2022-09-26 14:01:01;1664213115;2022-09-26 14:25:15
19;BHIP.BA;11.25;11.25;2022-09-26 13:27:35;1664213115;2022-09-26 14:25:15
19;BOLT.BA;5.37;5.37;2022-09-26 13:49:33;1664213115;2022-09-26 14:25:15
19;BPAT.BA;111.25;111.25;2022-09-26 12:57:34;1664213115;2022-09-26 14:25:15
19;CADO.BA;49.2;49.2;2022-09-23 16:44:03;1664213115;2022-09-26 14:25:15
19;CAPX.BA;670;670;2022-09-26 13:52:05;1664213115;2022-09-26 14:25:15
19;CARC.BA;2.42;2.42;2022-09-26 13:48:03;1664213115;2022-09-26 14:25:15
19;CECO2.BA;55.4;55.4;2022-09-26 13:40:37;1664213115;2022-09-26 14:25:15
19;CELU.BA;74.6;74.6;2022-09-26 13:16:56;1664213115;2022-09-26 14:25:15
19;CGPA2.BA;99;99;2022-09-26 13:52:48;1664213115;2022-09-26 14:25:15
19;CTIO.BA;290;290;2022-09-26 12:40:17;1664213115;2022-09-26 14:25:15
19;DGCU2.BA;83.7;83.7;2022-09-26 13:01:26;1664213115;2022-09-26 14:25:15
19;DOME.BA;16.5;16.5;2022-09-12 13:00:25;1664213115;2022-09-26 14:25:15
19;DYCA.BA;105;105;2022-09-22 16:35:23;1664213115;2022-09-26 14:25:15
19;FERR.BA;17.95;17.95;2022-09-26 13:54:29;1664213115;2022-09-26 14:25:15
19;FIPL.BA;24.8;24.8;2022-09-23 14:40:53;1664213115;2022-09-26 14:25:15
19;GAMI.BA;81.5;81.5;2022-09-26 13:06:12;1664213115;2022-09-26 14:25:15
19;GARO.BA;37.8;37.8;2022-09-26 13:48:50;1664213115;2022-09-26 14:25:15
19;GBAN.BA;134;134;2022-09-26 12:09:32;1664213115;2022-09-26 14:25:15
19;GCLA.BA;205.5;205.5;2022-09-26 13:32:58;1664213115;2022-09-26 14:25:15
19;GRIM.BA;160;160;2022-09-23 14:56:09;1664213115;2022-09-26 14:25:15
19;HARG.BA;211;211;2022-09-26 14:02:51;1664213115;2022-09-26 14:25:15
19;HAVA.BA;345;345;2022-09-26 13:50:07;1664213115;2022-09-26 14:25:15
19;INTR.BA;28;28;2022-09-22 15:01:02;1664213115;2022-09-26 14:25:15
19;INVJ.BA;27;27;2022-09-26 12:56:37;1664213115;2022-09-26 14:25:15
19;IRCP.BA;128.9;128.9;2022-05-24 16:53:48;1664213115;2022-09-26 14:25:15
19;IRSA.BA;112.5;112.5;2022-09-26 14:04:32;1664213115;2022-09-26 14:25:15
19;LEDE.BA;131.25;131.25;2022-09-26 13:32:37;1664213115;2022-09-26 14:25:15
19;LONG.BA;15.8;15.8;2022-09-26 13:37:34;1664213115;2022-09-26 14:25:15
19;METR.BA;64.1;64.1;2022-09-26 13:55:03;1664213115;2022-09-26 14:25:15
19;MOLA.BA;2810;2810;2022-09-26 14:03:12;1664213115;2022-09-26 14:25:15
19;MOLI.BA;175;175;2022-09-26 13:46:51;1664213115;2022-09-26 14:25:15
19;MORI.BA;16.3;16.3;2022-09-26 13:58:29;1664213115;2022-09-26 14:25:15
19;OEST.BA;64;64;2022-09-26 12:53:09;1664213115;2022-09-26 14:25:15
19;PATA.BA;70;70;2022-09-26 12:39:18;1664213115;2022-09-26 14:25:15
19;RICH.BA;281;281;2022-09-26 12:18:35;1664213115;2022-09-26 14:25:15
19;RIGO.BA;300;300;2022-09-23 15:51:50;1664213115;2022-09-26 14:25:15
19;SAMI.BA;120.75;120.75;2022-09-26 13:58:57;1664213115;2022-09-26 14:25:15
19;SEMI.BA;10.5;10.5;2022-09-26 14:03:40;1664213115;2022-09-26 14:25:15
19;TGLT.BA;5.18;5.18;2022-09-26 14:04:20;1664213115;2022-09-26 14:25:15
20;AUSO.BA;227;227;2022-09-26 14:01:01;1664213583;2022-09-26 14:33:03
20;BHIP.BA;11.25;11.25;2022-09-26 13:27:35;1664213583;2022-09-26 14:33:03
20;BOLT.BA;5.2;5.2;2022-09-26 14:10:34;1664213583;2022-09-26 14:33:03
20;BPAT.BA;111.25;111.25;2022-09-26 12:57:34;1664213583;2022-09-26 14:33:03
20;CADO.BA;49.2;49.2;2022-09-23 16:44:03;1664213583;2022-09-26 14:33:03
20;CAPX.BA;670;670;2022-09-26 14:09:06;1664213583;2022-09-26 14:33:03
20;CARC.BA;2.42;2.42;2022-09-26 13:48:03;1664213583;2022-09-26 14:33:03
20;CECO2.BA;55.4;55.4;2022-09-26 13:40:37;1664213583;2022-09-26 14:33:03
20;CELU.BA;74.6;74.6;2022-09-26 13:16:56;1664213583;2022-09-26 14:33:03
20;CGPA2.BA;99;99;2022-09-26 14:06:00;1664213583;2022-09-26 14:33:03
20;CTIO.BA;290;290;2022-09-26 12:40:17;1664213583;2022-09-26 14:33:03
20;DGCU2.BA;83.7;83.7;2022-09-26 13:01:26;1664213583;2022-09-26 14:33:03
20;DOME.BA;16.5;16.5;2022-09-12 13:00:25;1664213583;2022-09-26 14:33:03
20;DYCA.BA;105;105;2022-09-22 16:35:23;1664213583;2022-09-26 14:33:03
20;FERR.BA;17.95;17.95;2022-09-26 13:54:29;1664213583;2022-09-26 14:33:03
20;FIPL.BA;24.8;24.8;2022-09-23 14:40:53;1664213583;2022-09-26 14:33:03
20;GAMI.BA;81.5;81.5;2022-09-26 13:06:12;1664213583;2022-09-26 14:33:03
20;GARO.BA;37.8;37.8;2022-09-26 13:48:50;1664213583;2022-09-26 14:33:03
20;GBAN.BA;134;134;2022-09-26 12:09:32;1664213583;2022-09-26 14:33:03
20;GCLA.BA;205.5;205.5;2022-09-26 13:32:58;1664213583;2022-09-26 14:33:03
20;GRIM.BA;160;160;2022-09-23 14:56:09;1664213583;2022-09-26 14:33:03
20;HARG.BA;209.5;209.5;2022-09-26 14:11:38;1664213583;2022-09-26 14:33:03
20;HAVA.BA;345;345;2022-09-26 13:50:07;1664213583;2022-09-26 14:33:03
20;INTR.BA;28;28;2022-09-22 15:01:02;1664213583;2022-09-26 14:33:03
20;INVJ.BA;27;27;2022-09-26 12:56:37;1664213583;2022-09-26 14:33:03
20;IRCP.BA;128.9;128.9;2022-05-24 16:53:48;1664213583;2022-09-26 14:33:03
20;IRSA.BA;113;113;2022-09-26 14:10:47;1664213583;2022-09-26 14:33:03
20;LEDE.BA;131.25;131.25;2022-09-26 13:32:37;1664213583;2022-09-26 14:33:03
20;LONG.BA;15.6;15.6;2022-09-26 14:07:23;1664213583;2022-09-26 14:33:03
20;METR.BA;64.1;64.1;2022-09-26 13:55:03;1664213583;2022-09-26 14:33:03
20;MOLA.BA;2820;2820;2022-09-26 14:10:20;1664213583;2022-09-26 14:33:03
20;MOLI.BA;175;175;2022-09-26 13:46:51;1664213583;2022-09-26 14:33:03
20;MORI.BA;16.35;16.35;2022-09-26 14:11:11;1664213583;2022-09-26 14:33:03
20;OEST.BA;64;64;2022-09-26 12:53:09;1664213583;2022-09-26 14:33:03
20;PATA.BA;70;70;2022-09-26 12:39:18;1664213583;2022-09-26 14:33:03
20;RICH.BA;281;281;2022-09-26 12:18:35;1664213583;2022-09-26 14:33:03
20;RIGO.BA;300;300;2022-09-23 15:51:50;1664213583;2022-09-26 14:33:03
20;SAMI.BA;121;121;2022-09-26 14:11:29;1664213583;2022-09-26 14:33:03
20;SEMI.BA;10.5;10.5;2022-09-26 14:03:40;1664213583;2022-09-26 14:33:03
20;TGLT.BA;5.18;5.18;2022-09-26 14:04:20;1664213583;2022-09-26 14:33:03
21;AGRO.BA;65;65;2022-09-26 14:12:38;1664213730;2022-09-26 14:35:30
21;BHIP.BA;11.25;11.25;2022-09-26 13:27:35;1664213730;2022-09-26 14:35:30
21;BOLT.BA;5.18;5.18;2022-09-26 14:15:07;1664213730;2022-09-26 14:35:30
21;BPAT.BA;111.25;111.25;2022-09-26 12:57:34;1664213730;2022-09-26 14:35:30
21;CADO.BA;49.2;49.2;2022-09-23 16:44:03;1664213730;2022-09-26 14:35:30
21;CAPX.BA;670;670;2022-09-26 14:09:06;1664213730;2022-09-26 14:35:30
21;CARC.BA;2.41;2.41;2022-09-26 14:14:13;1664213730;2022-09-26 14:35:30
21;CECO2.BA;55.4;55.4;2022-09-26 13:40:37;1664213730;2022-09-26 14:35:30
21;CELU.BA;74.6;74.6;2022-09-26 13:16:56;1664213730;2022-09-26 14:35:30
21;CGPA2.BA;99;99;2022-09-26 14:06:00;1664213730;2022-09-26 14:35:30
21;CTIO.BA;290;290;2022-09-26 12:40:17;1664213730;2022-09-26 14:35:30
21;DGCU2.BA;83.7;83.7;2022-09-26 13:01:26;1664213730;2022-09-26 14:35:30
21;DOME.BA;16.5;16.5;2022-09-12 13:00:25;1664213730;2022-09-26 14:35:30
21;DYCA.BA;105;105;2022-09-22 16:35:23;1664213730;2022-09-26 14:35:30
21;FERR.BA;17.95;17.95;2022-09-26 13:54:29;1664213730;2022-09-26 14:35:30
21;FIPL.BA;24.8;24.8;2022-09-23 14:40:53;1664213730;2022-09-26 14:35:30
21;GAMI.BA;81.5;81.5;2022-09-26 13:06:12;1664213730;2022-09-26 14:35:30
21;GARO.BA;40;40;2022-09-26 14:14:08;1664213730;2022-09-26 14:35:30
21;GBAN.BA;134;134;2022-09-26 12:09:32;1664213730;2022-09-26 14:35:30
21;GCLA.BA;205.5;205.5;2022-09-26 13:32:58;1664213730;2022-09-26 14:35:30
21;GRIM.BA;160;160;2022-09-23 14:56:09;1664213730;2022-09-26 14:35:30
21;HARG.BA;209.5;209.5;2022-09-26 14:11:38;1664213730;2022-09-26 14:35:30
21;HAVA.BA;345;345;2022-09-26 13:50:07;1664213730;2022-09-26 14:35:30
21;INTR.BA;28;28;2022-09-22 15:01:02;1664213730;2022-09-26 14:35:30
21;INVJ.BA;27;27;2022-09-26 12:56:37;1664213730;2022-09-26 14:35:30
21;IRCP.BA;128.9;128.9;2022-05-24 16:53:48;1664213730;2022-09-26 14:35:30
21;IRSA.BA;113;113;2022-09-26 14:15:12;1664213730;2022-09-26 14:35:30
21;LEDE.BA;131.25;131.25;2022-09-26 13:32:37;1664213730;2022-09-26 14:35:30
21;LONG.BA;15.6;15.6;2022-09-26 14:07:23;1664213730;2022-09-26 14:35:30
21;METR.BA;64.1;64.1;2022-09-26 13:55:03;1664213730;2022-09-26 14:35:30
21;MOLA.BA;2820;2820;2022-09-26 14:10:20;1664213730;2022-09-26 14:35:30
21;MOLI.BA;175;175;2022-09-26 14:15:30;1664213730;2022-09-26 14:35:30
21;MORI.BA;16.35;16.35;2022-09-26 14:11:11;1664213730;2022-09-26 14:35:30
21;OEST.BA;64;64;2022-09-26 12:53:09;1664213730;2022-09-26 14:35:30
21;PATA.BA;70;70;2022-09-26 12:39:18;1664213730;2022-09-26 14:35:30
21;RICH.BA;281;281;2022-09-26 12:18:35;1664213730;2022-09-26 14:35:30
21;RIGO.BA;300;300;2022-09-23 15:51:50;1664213730;2022-09-26 14:35:30
21;SAMI.BA;121;121;2022-09-26 14:11:29;1664213730;2022-09-26 14:35:30
21;SEMI.BA;10.5;10.5;2022-09-26 14:03:40;1664213730;2022-09-26 14:35:30
21;TGLT.BA;5.18;5.18;2022-09-26 14:04:20;1664213730;2022-09-26 14:35:30
